residue Name,residue Number,chain ID,Score,Norm
GLY,293,A,98,3.09
THR,291,A,97,3.05
GLY,292,A,94,2.92
ASN,331,A,92,2.84
ARG,290,A,89,2.72
SER,294,A,88,2.68
ILE,224,A,87,2.64
TYR,139,A,86,2.6
VAL,151,A,85,2.56
LEU,226,A,85,2.56
ASP,332,A,83,2.48
ASN,288,A,83,2.48
ASN,137,A,82,2.44
LEU,150,A,82,2.44
ASP,287,A,81,2.4
GLU,229,A,81,2.4
VAL,136,A,78,2.28
GLU,378,A,77,2.24
THR,329,A,77,2.24
GLN,295,A,77,2.24
LEU,277,A,76,2.2
TRP,57,A,76,2.2
ILE,296,A,74,2.12
ASP,330,A,74,2.12
SER,8,A,72,2.04
LYS,2,A,71,2
ASP,3,A,71,2
ARG,10,A,70,1.96
VAL,249,A,69,1.92
LYS,188,A,69,1.92
GLU,135,A,68,1.88
HIS,189,A,68,1.88
PRO,316,A,68,1.88
GLY,379,A,68,1.88
PHE,6,A,67,1.83
ALA,212,A,67,1.83
TRP,56,A,67,1.83
GLY,227,A,66,1.79
ALA,7,A,65,1.75
THR,380,A,64,1.71
GLY,9,A,64,1.71
GLN,381,A,62,1.63
GLN,140,A,62,1.63
ASN,5,A,62,1.63
GLY,276,A,61,1.59
LYS,300,A,61,1.59
PHE,328,A,60,1.55
PHE,245,A,60,1.55
GLU,275,A,60,1.55
ASP,213,A,60,1.55
GLY,152,A,59,1.51
GLY,318,A,59,1.51
THR,319,A,58,1.47
ALA,215,A,57,1.43
GLY,228,A,57,1.43
ARG,216,A,56,1.39
LEU,153,A,56,1.39
ASN,138,A,56,1.39
GLN,61,A,56,1.39
ARG,397,A,55,1.35
ALA,4,A,55,1.35
TYR,317,A,53,1.27
GLY,214,A,53,1.27
GLU,222,A,50,1.15
ARG,374,A,49,1.11
ARG,90,A,48,1.07
GLN,400,A,48,1.07
ASP,327,A,47,1.03
TYR,299,A,47,1.03
GLY,238,A,47,1.03
ASN,375,A,47,1.03
PRO,302,A,45,0.95
PRO,269,A,45,0.95
PHE,239,A,45,0.95
GLY,210,A,45,0.95
ASN,349,A,45,0.95
PHE,211,A,44,0.91
ASN,301,A,42,0.83
TYR,60,A,42,0.83
GLY,357,A,42,0.83
ASP,459,A,42,0.83
GLU,149,A,41,0.79
ASP,278,A,41,0.79
VAL,382,A,41,0.79
LYS,303,A,41,0.79
ASP,350,A,41,0.79
ASP,351,A,41,0.79
THR,353,A,40,0.75
SER,355,A,40,0.75
ASN,11,A,40,0.75
ALA,186,A,40,0.75
LYS,306,A,39,0.7
TRP,364,A,39,0.7
CYS,354,A,38,0.66
GLU,270,A,38,0.66
ASN,356,A,38,0.66
VAL,359,A,38,0.66
HIS,315,A,37,0.62
MET,103,A,36,0.58
ARG,363,A,36,0.58
GLU,458,A,36,0.58
TYR,368,A,35,0.54
TYR,358,A,35,0.54
ALA,457,A,35,0.54
ARG,365,A,34,0.5
GLY,102,A,33,0.46
ASN,285,A,33,0.46
GLN,246,A,32,0.42
GLN,289,A,32,0.42
GLN,256,A,32,0.42
GLN,366,A,32,0.42
ALA,376,A,32,0.42
ASN,352,A,31,0.38
GLU,383,A,31,0.38
TRP,267,A,31,0.38
GLN,333,A,30,0.34
HIS,99,A,30,0.34
PHE,218,A,30,0.34
ASP,185,A,30,0.34
PRO,217,A,29,0.3
PRO,304,A,29,0.3
GLY,268,A,29,0.3
ASN,253,A,29,0.3
GLU,431,A,29,0.3
ASP,52,A,29,0.3
ASN,266,A,28,0.26
THR,298,A,27,0.22
ASP,86,A,26,0.18
GLN,33,A,26,0.18
THR,237,A,25,0.14
PRO,336,A,25,0.14
GLY,240,A,25,0.14
THR,320,A,25,0.14
PRO,55,A,24,0.1
SER,200,A,24,0.1
ILE,219,A,24,0.1
ASN,204,A,24,0.1
ASN,468,A,24,0.1
ALA,265,A,24,0.1
ALA,87,A,24,0.1
ILE,344,A,23,0.06
GLY,88,A,23,0.06
PRO,34,A,23,0.06
SER,12,A,22,0.02
GLU,29,A,22,0.02
ARG,30,A,22,0.02
ILE,348,A,21,-0.02
ASP,460,A,21,-0.02
ASN,234,A,21,-0.02
TYR,209,A,20,-0.06
CYS,360,A,20,-0.06
GLN,35,A,20,-0.06
ARG,83,A,20,-0.06
GLY,398,A,19,-0.1
GLN,337,A,19,-0.1
ARG,82,A,19,-0.1
LEU,297,A,19,-0.1
SER,196,A,19,-0.1
ALA,51,A,19,-0.1
ASN,85,A,19,-0.1
CYS,241,A,19,-0.1
GLY,36,A,18,-0.14
SER,399,A,18,-0.14
GLY,258,A,18,-0.14
THR,438,A,18,-0.14
PHE,199,A,18,-0.14
LEU,432,A,18,-0.14
VAL,467,A,17,-0.18
HIS,115,A,17,-0.18
GLY,257,A,17,-0.18
SER,429,A,17,-0.18
SER,433,A,17,-0.18
ALA,279,A,17,-0.18
HIS,286,A,16,-0.22
HIS,466,A,16,-0.22
GLY,372,A,16,-0.22
SER,456,A,16,-0.22
CYS,134,A,16,-0.22
GLY,434,A,16,-0.22
LEU,202,A,16,-0.22
GLY,272,A,16,-0.22
SER,250,A,16,-0.22
GLY,334,A,15,-0.26
VAL,377,A,15,-0.26
ASP,26,A,15,-0.26
ASP,208,A,15,-0.26
THR,207,A,15,-0.26
ASN,407,A,14,-0.3
PRO,335,A,14,-0.3
TRP,271,A,14,-0.3
TRP,385,A,14,-0.3
VAL,223,A,13,-0.34
ASP,79,A,13,-0.34
LEU,273,A,13,-0.34
GLY,347,A,13,-0.34
GLU,235,A,12,-0.38
ASP,338,A,12,-0.38
PHE,255,A,12,-0.38
GLY,53,A,12,-0.38
GLY,430,A,12,-0.38
PHE,31,A,12,-0.38
LYS,203,A,11,-0.42
GLY,435,A,11,-0.42
LEU,274,A,11,-0.42
ASN,259,A,11,-0.42
LYS,470,A,11,-0.42
LYS,233,A,11,-0.42
ALA,469,A,10,-0.47
SER,232,A,10,-0.47
ASN,22,A,10,-0.47
GLY,439,A,10,-0.47
ARG,183,A,10,-0.47
ASP,225,A,9,-0.51
GLY,339,A,9,-0.51
ASP,176,A,9,-0.51
LYS,20,A,9,-0.51
PRO,192,A,9,-0.51
ALA,230,A,9,-0.51
SER,75,A,9,-0.51
LEU,471,A,9,-0.51
VAL,427,A,9,-0.51
ASP,73,A,9,-0.51
VAL,197,A,9,-0.51
ASN,342,A,9,-0.51
HIS,173,A,9,-0.51
PRO,346,A,8,-0.55
LYS,440,A,8,-0.55
GLY,193,A,8,-0.55
ASN,68,A,8,-0.55
ASP,23,A,8,-0.55
GLU,74,A,8,-0.55
GLY,369,A,8,-0.55
LEU,177,A,7,-0.59
GLY,408,A,7,-0.59
ILE,66,A,7,-0.59
ARG,54,A,7,-0.59
GLY,201,A,7,-0.59
GLY,72,A,7,-0.59
GLY,409,A,7,-0.59
ALA,76,A,7,-0.59
THR,78,A,7,-0.59
MET,307,A,7,-0.59
SER,340,A,7,-0.59
GLY,341,A,7,-0.59
ASN,263,A,7,-0.59
LEU,343,A,7,-0.59
SER,345,A,7,-0.59
THR,69,A,6,-0.63
ARG,70,A,6,-0.63
ARG,154,A,6,-0.63
PHE,326,A,6,-0.63
ASN,206,A,6,-0.63
ASN,144,A,6,-0.63
ALA,142,A,6,-0.63
ASP,141,A,6,-0.63
ASN,172,A,6,-0.63
TYR,170,A,6,-0.63
ASP,169,A,6,-0.63
TYR,65,A,6,-0.63
ALA,122,A,6,-0.63
ILE,67,A,6,-0.63
CYS,437,A,6,-0.63
ASN,384,A,6,-0.63
THR,108,A,6,-0.63
GLN,260,A,6,-0.63
ILE,231,A,6,-0.63
SER,109,A,6,-0.63
ASP,116,A,5,-0.67
LEU,264,A,5,-0.67
SER,71,A,5,-0.67
ILE,168,A,5,-0.67
ASN,391,A,5,-0.67
ARG,146,A,5,-0.67
ASN,104,A,5,-0.67
SER,191,A,5,-0.67
GLY,110,A,5,-0.67
VAL,123,A,5,-0.67
ASP,143,A,5,-0.67
PRO,121,A,5,-0.67
VAL,166,A,4,-0.71
ARG,164,A,4,-0.71
SER,111,A,4,-0.71
PRO,124,A,4,-0.71
PHE,282,A,4,-0.71
SER,436,A,4,-0.71
VAL,50,A,4,-0.71
THR,406,A,4,-0.71
GLY,248,A,4,-0.71
PHE,395,A,3,-0.75
LYS,262,A,3,-0.75
CYS,148,A,3,-0.75
ASP,194,A,3,-0.75
ASP,410,A,3,-0.75
ASN,147,A,3,-0.75
VAL,106,A,3,-0.75
GLY,107,A,3,-0.75
GLY,455,A,3,-0.75
GLY,461,A,2,-0.79
SER,127,A,2,-0.79
GLY,159,A,2,-0.79
PRO,420,A,2,-0.79
TYR,162,A,2,-0.79
ASN,98,A,2,-0.79
GLY,117,A,2,-0.79
SER,441,A,2,-0.79
SER,453,A,2,-0.79
GLY,165,A,2,-0.79
VAL,96,A,2,-0.79
ASP,390,A,1,-0.83
MET,118,A,1,-0.83
GLY,105,A,1,-0.83
GLY,128,A,1,-0.83
ASP,129,A,1,-0.83
TYR,125,A,1,-0.83
GLY,126,A,1,-0.83
MET,80,A,1,-0.83
ARG,59,A,1,-0.83
ILE,175,A,1,-0.83
HIS,131,A,1,-0.83
SER,132,A,1,-0.83
GLY,418,A,1,-0.83
PRO,133,A,1,-0.83
THR,423,A,1,-0.83
ILE,428,A,1,-0.83
VAL,283,A,1,-0.83
SER,112,A,1,-0.83
PRO,44,A,1,-0.83
ASN,119,A,1,-0.83
ASN,157,A,1,-0.83
LEU,205,A,1,-0.83
ASP,114,A,1,-0.83
SER,160,A,1,-0.83
LEU,454,A,1,-0.83
ASP,161,A,1,-0.83
ALA,25,A,1,-0.83
TRP,386,A,1,-0.83
TRP,21,A,1,-0.83
ASP,389,A,1,-0.83
PHE,17,A,1,-0.83
VAL,145,A,0,-0.87
VAL,179,A,0,-0.87
ALA,113,A,0,-0.87
GLN,392,A,0,-0.87
ALA,394,A,0,-0.87
GLY,178,A,0,-0.87
SER,396,A,0,-0.87
GLU,244,A,0,-0.87
TYR,305,A,0,-0.87
GLU,361,A,0,-0.87
PRO,62,A,0,-0.87
PHE,402,A,0,-0.87
VAL,403,A,0,-0.87
LEU,243,A,0,-0.87
ASP,284,A,0,-0.87
ILE,309,A,0,-0.87
PHE,130,A,0,-0.87
ALA,310,A,0,-0.87
LEU,411,A,0,-0.87
ASN,412,A,0,-0.87
GLN,413,A,0,-0.87
ASN,414,A,0,-0.87
LEU,415,A,0,-0.87
ASN,416,A,0,-0.87
PHE,311,A,0,-0.87
LEU,419,A,0,-0.87
MET,312,A,0,-0.87
ALA,421,A,0,-0.87
GLY,422,A,0,-0.87
GLN,158,A,0,-0.87
ASP,426,A,0,-0.87
GLU,58,A,0,-0.87
PHE,373,A,0,-0.87
GLY,252,A,0,-0.87
LEU,156,A,0,-0.87
LEU,49,A,0,-0.87
TYR,48,A,0,-0.87
ASN,46,A,0,-0.87
PRO,45,A,0,-0.87
ASP,155,A,0,-0.87
LEU,195,A,0,-0.87
LEU,251,A,0,-0.87
SER,43,A,0,-0.87
ILE,42,A,0,-0.87
ARG,321,A,0,-0.87
ILE,322,A,0,-0.87
VAL,442,A,0,-0.87
THR,443,A,0,-0.87
VAL,444,A,0,-0.87
GLY,445,A,0,-0.87
ASP,446,A,0,-0.87
ASN,447,A,0,-0.87
GLY,448,A,0,-0.87
SER,449,A,0,-0.87
ALA,450,A,0,-0.87
ASP,451,A,0,-0.87
ILE,452,A,0,-0.87
MET,323,A,0,-0.87
SER,324,A,0,-0.87
SER,325,A,0,-0.87
GLN,41,A,0,-0.87
PHE,247,A,0,-0.87
ILE,24,A,0,-0.87
VAL,281,A,0,-0.87
MET,190,A,0,-0.87
SER,387,A,0,-0.87
VAL,462,A,0,-0.87
LEU,463,A,0,-0.87
TRP,19,A,0,-0.87
GLU,18,A,0,-0.87
ASN,388,A,0,-0.87
LEU,16,A,0,-0.87
HIS,15,A,0,-0.87
VAL,367,A,0,-0.87